company_name,category,job_req_noun,job_add_noun,job_due_noun,title
셀렉트스타,MLE,"['프로젝트', '구현', '코드', '작성', '본인', '아이디어', '구체화', '이론', '실험', '증명', '최신', '논문', '데', '어려움', '의사소통']","['컴퓨터공학', '분야', '학사', '학위', '실무', '분야', '석사', '학위', '결합', '보신', '생', '성형', '언어', '모델', '상용', '프로덕트', '개발', '수상']","['셀렉', '트', '스타', '팀', '최신', '모델', '기획', '도메인', '특화', '챗봇', '구축', '상용', '프로', '덕트', '레벨', '기술', '개발', '고민', '또한', '팀', '연구', '데', '우리', '기술', '실제', '생산', '적용', '세상', '더욱', '목표', '가지', '언어', '장벽', '허물', '세상', '지원', '담당', '특정', '도메인', '문서', '구현', '기술', '고객', '사의', '문서', '내', '정보', '추출', '추출', '정보', '답변', '고도화', '오픈소스', '오픈소스', '모델', '특정', '도메인', '학습', '기획', '모델', '튜닝', '모델', '오픈소스', '케스트', '레이', '션', '질의', '수준', '기능', '채택', '비용', '효율', '생산', '시스템', '개발', '자동화', '학습', '파이프', '라인', '구축', '채용', '절차', '서류', '전형', '직무', '컬쳐', '핏', '면접', '처우', '협의', '최종', '합격', '이력서', '포트폴리오', '파일', '제출', '계정', '기술', '블로그', '포트폴리오', '정보', '작성', '추가', '제출', '서류', '제출']",AI NLP 연구원
휴톰,MLE,"['전공', '학사', '학위', '소지', '개발', '유', '딥', '러닝', '라이브러리', '개발', '유']","['석', '박사학위', '소지', '업계', '경력', '학회', '논문', '작성', '제출', '수술', '영상', '의료', '영상', '연구', '유', '학회', '분야', '학회', '린지', '상위', '랭크']","['사내', '제품', '모델', '개발', '실험', '진행', '최신', '논문', '내부', '개발', '모델', '기술', '개발', '영역']",Computer Vision Applied Research Engineer
셀렉트스타,MLE,"['기술', '스택', '연구', '실험', '결과', '체계', '문서', '커뮤니케이션', '문제', '정의', '프로덕트', '방향성', '논의']","['생', '성형', '분석', '딥', '러닝', '모델', '프로', '덕트', '개발', '최신', '기술', '트렌드', '연구', '논문', '지속', '학습', '인사이트']","['사업', '파트', '셀렉', '트', '스타', '사업', '파트', '생', '성형', '인공', '지능', '기술', '캐릭터', '사용자', '실시간', '영상통화', '앱', '서비스', '개발', '사업', '파트', '프로덕트', '적용', '기술', '리서치', '응용', '방안', '고민', '능동', '문제', '정의', '기술', '해결', '방안', '시도', '엔지니어', '사업', '파트', '지원', '담당', '생', '성형', '연구', '개발', '프롬', '프트', '엔지니어링', '사용자', '향상', '기술', '리서치', '시험', '개발', '기술', '성능', '모니터링', '성능', '최적화', '채용', '절차', '서류', '전형', '직무', '컬쳐', '핏', '면접', '처우', '협의', '최종', '합격', '이력서', '파일', '제출', '계정', '기술', '블로그', '포트폴리오', '정보', '작성', '추가', '제출', '서류', '제출']",AI 엔지니어 (신사업파트)
피매치,MLE,"['경력', '종업', '서비스', '개발', '운영', '용량', '딥', '러닝', '프레임워크', '개발']","['헬', '스케', '분야', '자연어', '생', '모델', '개발', '최신', '영문', '논문', '분석', '재현', '데']","['사전', '학습', '모델', '의료', '도메인', '미세', '조정', '챗봇', '고도화', '사용자', '대화', '챗봇', '시스템', '설계', '구현', '개인맞춤', '건강', '기능', '식품', '추천', '전후', '처리', '아키텍쳐', '알고리듬', '고도화']",AI 엔지니어
크라우드웍스,MLE,"['프론트엔드', '개발', '경력', '경력', '개', '라이브러리', '머신', '러닝', '인공', '지능', '서비스', '관심']","['성능', '최적화', '프로젝트', '애자', '일과', '스크럼', '문화', '개발', '환경']","['서비스', '솔루션', '개발', '레이블', '링', '션', '최적화', '도구', '개발']",Frontend Engineer (ML Service)
씨드로닉스,MLE,"['개발', '알고리즘', '개발', '전공', '석사', '경력', '커뮤니케이션']","['개발', '소프트웨어', '개발', '센서', '처리']","['이미지', '인식', '기술', '인공', '지능', '알고리즘', '연구개발', '모델', '연구', '인공', '지능', '모델', '경량']",Deep learning(이미지) 연구/개발
틸다,MLE,"['학력', '별도', '지원', '개발', '연구']","['학력', '전공', '수학', '통계학', '전공', '해당', '학과', '박사', '학위', '개발', '연구', '숙련', '우수', '기록', '개인', '단체', '연구', '정부', '과제', '기업', '프로젝트']","['신규', '도메인', '개척', '선봉', '도메인', '문제', '접', '때', '수령', '고객', '요구', '사항', '정의', '분석', '문제', '해결', '설계', '진행', '설계', '후', '수준', '예측', '분류', '모델', '최적화', '모델', '개발', '시행', '개발', '수준', '최적화', '실제', '현장', '해당', '도메인', '현장', '인원', '소통', '질', '서비스', '개발', '시', '사내', '서비스', '개발', '팀', '협력', '개발', '정부', '과제', '개발', '공급', '기업', '수요', '기업', '정부', '과제', '상세', '내용', '면접', '진행', '시', '회사', '소개', '문답', '질의']",ML/DL 엔지니어 [선행ML개발파트]
클라모스,MLE,"['요건', '석사', '학위', '경력', '학사', '학위', '프로젝트', '개발', '가능']","['사항', '가능', '논문', '특허', '작성', '배포']","['담당', '분야', '선행', '기술', '조사', '연구', '알고리즘', '개발', '특허', '기술', '문서', '작성']",컴퓨터 비전 & 딥러닝 개발자
마키나락스,MLE,"['산업', '프로젝트', '기계학습', '개념', '코드', '형태', '실제', '문제', '적용', '자료구조', '알고리즘', '기본', '지식']","['제조', '에너지', '실제', '문제', '해결', '개발', '모델', '실제', '운영', '서비스', '배포', '분석', '기계학습', '프로젝트', '과정', '체계', '분석', '기계학습', '프로젝트', '기술', '리드', '마키', '락스', '채용', '프로세스', '서류', '접수', '온라인', '코딩', '테스트', '기술', '인터뷰', '인터뷰']","['팀', '제조', '에너지', '분야', '발생', '문제', '기술', '이용', '체계', '해결', '책', '도출', '실증', '검증', '검증', '기술', '지속', '개선', '운영', '형태', '현장', '배포', '실', '적용', '성공', '사례', '지속', '기술', '개발', '배포', '운영', '개선', '전체', '과정', '효율', '체계', '개선', '풀', '주요', '탐지', '예측', '과제', '소개', '탐지', '산업', '용', '로봇', '탐지', '반도체', '생산', '장비', '탐지', '탐지', '모델', '운영', '예측', '전기차', '배터리', '잔존', '수명', '예측', '태양광', '발', '전량', '예측']",머신러닝 엔지니어
에프앤가이드,MLE,"['학사', '최신', '금융', '딥', '러닝', '논문', '구현', '머신', '러닝', '프레임워크', '실무', '적용', '중상']","['컴퓨터공학', '사이언스', '석사', '학위', '자연어', '처리', '경력', '금융', '분야', '실무', '금융', '자격증', '소지', '금융', '전략', '운용', '클라우드', '서비스', '개발', '운영', '개념', '이용', '서비스', '적용']","['비정', '금융', '분석', '모델', '연구개발']",AI팀 (비정형 금융 분석 모델 연구/개발)
베스텔라랩,MLE,"['경력', '프로그래밍', '국', '영문', '학술', '논문', '전문', '아티', '리딩', '영역', '분야', '리서치', '전문용어', '통합', '사고력', '논리', '사고', '접근', '방법']","['통계', '수학', '전공자', '센서', '신호', '분석', '응용', '알고리즘', '개발', '개발', '분석', '측위', '기술', '과제', '시스템', '구현', '머신', '러닝', '알고리즘', '개발', '자율', '주행', '시스템', '전반', '구조', '차량', '동력', '학']","['기술', '리눅스', '자율', '주행', '차량', '제어', '프로그램', '개발', '자사', '측위', '알고리즘', '개선', '엔진', '고도화', '라이', '카메라', '동체', '탑재', '센서', '측위', '알고리즘', '개발', '기술', '개발', '사업', '기획', '시장', '조사']",자율주행 연구원(경기/대구)(전문연구요원가능)
카이어,MLE,"['최신', '딥', '러닝', '기계학습', '이론', '최신', '딥', '러닝', '기계학습', '논문', '구현', '프로그래밍', '실무', '주위', '동료', '오픈', '마인드', '의사소통', '문제', '해결', '논리', '문제', '원인', '끈기', '문제', '끝', '해결', '문제해결', '지식', '습득', '학습', '스스로', '설정', '본인', '자기', '관리', '프로', '의식']","['전공', '박사', '학위', '프로그래밍']","['딥', '러닝', '머신', '시계열', '분석', '빅데이터', '분석', '알고리즘', '연구', '개발', '환경', '극복', '딥', '러닝', '알고리즘', '연구', '개발', '최신', '기계학습', '알고리즘', '연구', '논문', '작성', '기계학습', '알고리즘', '소프트웨어', '솔루션', '개발']",인공지능 연구개발
메디트(Medit),MLE,"['개발', '경력', '경력', '상처리', '머신', '개발', '프로그램', '자']","['주요', '협업', '도구', '기술', '분야', '관', '호기심', '학습', '목표', '주인', '의식', '동료', '커뮤니케이션', '팀', '협업', '종', '업계', '경력']","['신규', '기능', '개발', '최적화', '서비스', '적용', '지속', '학습', '모델', '업데이트', '학습', '수집', '정제', '검수', '관리']",Ai Engineer
라온메디,MLE,"['머신', '러닝', '프레임워크', '분석', '파이프', '라이닝', '구성', '용량', '처리', '개발', '도구', '개발자', '분석', '내부', '구성원', '협업', '커뮤니케이션']","['머신', '러닝', '딥', '러닝', '모델', '개발', '모델', '실제', '서비스', '적용', '운영', '의료', '상용', '의료', '처리', '분야', '석사', '학위', '분야', '경력', '분석', '머신', '러닝', '경진', '대회', '수상', '경력', '운영', '환경', '기타', '사항', '메디', '스테이지', '스타트업', '모회사', '로부터', '투자', '시작', '향', '조직', '문화', '팀', '프로젝트', '별로', '셋', '과정', '성남시', '분당', '신촌', '연세대학교', '내', '곳', '위치', '경기도', '성남시', '분당구', '판교로', '호', '서울', '서대문구', '연세', '연세대학교', '광', '혜관', '온', '고용', '형태', '정규직', '개월', '수습', '계약', '후', '정규직', '채용', '수습', '급여', '지급', '지원', '전', '입사', '위해', '사항', '문의', '주시', '답변']","['의료', '분석', '속', '영감', '아이디어', '가치', '인공', '지능', '틀', '기존', '서비스', '사용자', '시스템', '만듭니', '기존', '시스템', '문제', '파악', '문제', '인공', '지능', '모델', '만듭니', '머신', '러닝', '딥', '러닝', '모델', '실험', '마침내', '서비스', '환경', '안정', '배포', '운영', '구축', '모델', '지속', '개선', '서비스', '품질', '향상', '문제', '해결', '최적', '환경', '제안', '위해', '최신', '기술', '방법론', '적극', '시험', '적용', '협업', '환경', '구축', '힘', '위해', '토의', '기술', '도구', '시험', '적용']",AI Engineer
비에이치에스엔,MLE,"['개발', '실무', '경력', '거나', '기본', '지식', '가지', '언어', '모델', '이용', '방법론', '형태소', '분석', '사전', '구성', '자연어', '검색', '이용', '코드', '관리', '배포']","['프로젝트', '상용', '서비스', '배포', '머신', '러닝', '오픈소스', '기여', '컴퓨터과학', '머신', '러닝', '전공', '박사', '학위', '소지', '분야', '국제', '컨퍼런스', '출판']","['자사', '서비스', '설계', '구현', '길이', '입력', '강건', '서치', '모델', '개발', '로직', '설계', '파이프라인', '설계']",Search Engineer
테스트웍스,MLE,"['학사', '석사', '학위', '딥', '러닝', '모델', '개발']","['실제', '서비스', '개발', '실무', '상용', '서비스', '어플리케이션', '개발', '개발', '도전', '의식', '논문', '특허', '발굴', '오픈소스', '코드', '레벨', '디버깅', '커스터', '마이', '징', '논문', '내용', '코드', '구현']","['셋', '자동', '가공', '모듈', '학습', '셋', '가공', '자동화', '형태', '자동화', '모듈', '개발', '형태', '형식지', '서비스', '개발', '클라우드', '서버', '뿐', '서비스', '발굴', '개발', '솔루션', '개발', '영상', '문서', '음성', '미디어', '분석', '서비스', '발굴', '개발', '용량', '자동', '분류', '비', '식별', '증강', '처리', '분야', '머신', '러닝', '딥', '러닝', '솔루션', '개발', '비즈니스', '문제', '해결', '머신', '러닝', '딥', '러닝', '문제해결', '방법', '연구', '개발', '포함', '머신', '러닝', '딥', '러닝', '시스템', '구성', '최적화', '서버', '효과', '딥', '러닝', '모델', '서비스', '시스템']",AI 엔지니어 (병역특례 가능)
에너자이(ENERZAi),MLE,"['공통', '학부', '학년', '프로젝트', '딥', '러닝', '프레임워크', '프로젝트', '석사', '학위', '취득', '졸업', '예정자', '통합', '과정', '수료', '포함', '산업', '기능', '현역', '상황', '고려', '채용', '진행', '개별', '문의']","['이미지', '신호', '처리', '딥', '러닝', '모델', '최적화', '계열', '학회', '널', '게재', '경력', '전공', '석사', '박사', '학위', '시', '경력', '인정']","['알고리즘', '개발', '형태', '처리', '딥', '러닝', '모델', '경량', '알고리즘', '개발', '고려', '딥', '러닝', '모델', '설계', '경량', '알고리즘', '개발', '탑재', '경량', '모델', '개발']",(전문연구요원 가능) ML Engineer/Researcher
핵클(Hackle),MLE,"['서버', '개발', '작업']","['서비스', '개발', '익숙', '치', '강점', '평소', '호기심', '핵', '기술']","['양', '인간', '행동', '수집', '마', '이닝', '인사이트', '도출', '의사결정', '일련', '과정', '프레임워크', '제품', '개발', '스팀', '소속', '팀', '협력', '세계', '수준', '실험', '플랫폼', '고객', '분석', '플랫폼', '비지니스', '의사결정', '구축', '핵', '개발', '아이디어', '전략', '수립']",Full Stack Software Engineer (3년 이상)
셀렉트스타,MLE,"['컴퓨터공학', '분야', '학사', '학위', '소지', '컴퓨터', '딥', '러닝', '프로젝트', '프로그래밍', '언어', '팀', '소통', '지속', '지식', '열정']","['논문', '게재', '영문', '논문', '구현', '어려움', '문제', '본질', '파악', '정리']","['셀렉', '트', '스타', '팀', '이미지', '구축', '위해', '딥', '러닝', '모델', '최적', '방법', '연구', '팀', '하니', '관심', '담당', '모델', '연구', '개발', '프로젝트', '요구', '사항', '기존', '딥', '러닝', '모델', '수정', '개선', '딥', '러닝', '모델', '최적화', '방안', '모색', '채용', '절차', '서류', '전형', '직무', '컬쳐', '핏', '면접', '처우', '협의', '최종', '합격', '이력서', '파일', '제출', '계정', '기술', '블로그', '포트폴리오', '정보', '작성', '추가', '제출', '서류', '제출']",AI Vision 연구원
누비랩,MLE,"['동료', '라이브러리', '공간', '계산', '미분적분학', '선형대수학', '학습', '성장', '관심', '자기', '개발', '위해', '노력', '동료', '커뮤니케이션', '피드백']","['사내', '개발', '문화', '만들기', '적극', '참여', '정제', '필드', '취득', '노이즈', '포함', '정제', '분석', '성향', '분과', '열망', '선호', '목표', '설정', '문제', '해결', '위해', '과정', '누구', '여러', '관점', '맥락', '파악', '선호', '조직', '팀', '서비스', '관점', '목표', '해결', '문제', '무엇', '정의', '분과', '상대방', '존중', '본질', '집중', '의사소통', '선호', '기술', '스택', '개발', '협업', '툴', '조건', '다음', '형태', '정규직', '프로', '베이', '션', '개월', '급여', '지급', '서울특별시', '강남구', '테헤란로', '덕', '빌딩', '층', '삼성역', '도보', '요일', '시간', '주', '주', '처우', '보상', '개인', '바탕', '인터뷰', '후', '협의', '채용', '절차', '채용', '프로세스', '서류', '전형', '차', '전화', '인터뷰', '차', '실무', '인터뷰', '레퍼런스', '체크', '차', '인터뷰', '차', '실무', '인터뷰', '합격', '경우', '레퍼런스', '체크', '차', '인터뷰', '결과', '종합', '고려', '처우', '협의', '진행', '여부', '결정', '레퍼런스', '체크', '절차', '차', '인터뷰', '진행', '여부', '결정', '영향', '주지', '점', '참고', '서류', '안내', '이력서', '포트폴리오', '깃허브', '주소', '선택', '안내', '사항', '모든', '서류', '형식', '링크', '제출', '인터뷰', '안내', '차', '전화', '인터뷰', '진행', '전화', '인터뷰', '최대', '소요', '전화', '인터뷰', '지원', '동기', '비롯', '경력', '사항', '확인', '앞', '바', '질문', '차', '실무', '인터뷰', '실무', '진과', '진행', '대면', '인터뷰', '가량', '소요', '제출', '주신', '서류', '직무', '리뷰', '레퍼런스', '체크', '후보자', '리뷰', '스펙', '터', '플랫폼', '진행', '차', '인터뷰', '진행', '대면', '인터뷰', '가량', '소요', '누비', '랩', '조직', '문화', '방식', '이야기', '시간', '전형', '절차', '내부', '상황', '변동', '지원', '내용', '허위', '사실', '경우', '합격', '취소']","['합류', '카메라', '취득', '이미지', '이용', '음식', '계산', '알고리즘', '개발', '단체', '급식', '소', '식판', '개별', '식기', '음식', '계산', '샘플', '급식', '소', '제공', '음식', '이용자', '섭취량', '계산', '거나', '급식', '소', '잔반', '현황', '분석', '식판', '식기', '형상', '알', '경우', '경우', '알고리즘', '설계', '달리', '카메라', '보이지', '식판', '음식', '바닥', '포인트', '공간', '정의', '음식', '양', '추정', '급식', '소', '취득', '특성', '반영', '테스트', '셋', '알고리즘', '정확도', '측정', '개선', '음식', '양', '대량', '값', '축적', '상황', '알고리즘', '성능', '향상', '객관', '확보', '음식', '양', '계산', '알고리즘', '서비스', '목적', '개발', '영양사', '개인', '전달', '리포트', '생', '목적', '정확도', '알고리즘', '계산', '현장', '실시간', '잔반', '제로', '달성', '여부', '확인', '음식', '계산', '알고리즘', '개발', '이내', '응답', '목표', '실제', '음식', '음식', '모형', '이용', '알고리즘', '개발', '출시', '카메라', '테스트', '기존', '카메라', '성능', '사용성', '비교']",3D Vision 엔지니어
클레,MLE,"['컴퓨터', '개발', '경력', '전공', '석사', '학위', '가지', '계시', '직', '의사소통', '협업', '문제', '해결', '거나', '기술', '흥미', '자료', '찾기', '위해', '기타', '커뮤니티', '검색', '자기', '주도', '개발', '스스로', '동기', '부여', '해외', '출장']","['컴퓨터', '학위', '가지', '논문', '출판', '차원', '머신', '개발', '차원', '기하학', '기구학', '선형대수', '최적화', '이론', '영문', '자료', '참고', '해외', '커뮤니티', '소통', '문제', '해결', '영어실력', '줄', '알']","['자동화', '공정', '문제', '정의', '해결', '위해', '대상', '환경', '취득', '패턴', '발견', '알고리즘', '개발', '기존', '알고리즘', '경우', '효율', '성과', '완성', '고민', '최신', '기술', '동향', '기적', '파악', '프로덕트', '개발자', '현장', '레이', '터', '주로', '협업', '구체', '요즘', '머신', '시장', '차원', '차원', '템플릿', '매칭', '정밀', '차원', '로부터', '위치', '인식', '거리', '계산', '수준', '표면', '차', '검사', '수요', '폭발', '증가', '클레', '클래식', '차원', '컴퓨터', '차원', '법', '머신', '러닝', '최적화', '시각', '시뮬레이션', '차원', '머신', '관', '지식', '습득']",3차원 머신비전 알고리즘 개발자
모빌린트,MLE,"['딥', '러닝', '프레임워크', '프로그래밍', '언어', '딥', '러닝', '모델', '개발', '전체', '프로세스', '최종', '성적', '증명서', '제출']","['경량', '딥', '러닝', '모델', '학습', '개발', '논문', '실적', '컴퓨터', '딥', '러닝', '모델', '학습', '딥', '러닝', '핵심', '산들']","['별', '최적화', '딥', '러닝', '모델', '연구', '설계', '딥', '러닝', '모델', '경량', '연구', '적용', '최신', '연구', '동향', '각종', '최신', '딥', '러닝', '알고리즘', '연구', '고객', '분석', '딥', '러닝', '모델', '학습', '딥', '러닝', '모델', '학습', '툴', '개발']",Deep Learning Research Engineer (전문연구요원 가능)
플라잎,MLE,"['숙련', '숙련', '지식', '연구개발']","['프로젝트', '연구', '최신', '논문', '모니터링', '관심', '로봇', '전반', '배경', '지식', '언어', '최적화', '성능', '개선', '연구', '상용', '소프트웨어', '개발', '해당', '분야', '석사', '박사', '학위', '경력']","['역할', '연구', '개발', '최적화', '경량']",Deep Learning Engineer(전문연구요원 가능)
알지에이아이엔씨(RGA Inc.),MLE,"['공', '계열', '학', '석사', '상응', '경력', '소지', '전공', '분야', '한가지', '프로젝트', '논문', '기술', '문서', '바탕', '모델', '구현', '프로젝트', '협업', '지원', '불가']","['전공', '분야', '박사', '실무', '경력', '연봉', '반영', '프로젝트', '관', '극복', '제한', '리소스', '환경', '모델', '국제', '학술', '대회', '논문', '게재', '멀티', '센서', '퓨전', '기술', '구현', '기술', '개발', '협업', '툴', '등등', '전반', '협업', '배포', '수학', '사고', '통계', '최적화', '수학', '이론', '영어', '능통']","['모델', '기법', '적용', '안정', '추론', '모델', '개발', '구성', '환경', '모델', '최신', '리뷰', '성능', '향상', '구현']",AI Vision Engineer
인핸스(Enhans),MLE,[],[],"['요구', '사항', '기술', '예', '감독', '비지', '학습', '선택', '모델', '선정', '알고리즘', '구현', '학습', '평가', '설계', '테스트', '최적화', '메', '트릭', '검증', '방법', '성능', '평가', '정확도', '정밀도', '효율', '포함', '교차', '팀', '협력', '기계', '학습', '비즈니스', '개선', '전략', '목표', '달성']",[100억↑투자] Machine Learning (ML) Engineer
앤서스랩코리아,DE,"['학사', '상응', '배경', '지식', '관계', '데이터베이스', '서비스', '개발', '정규화', '인덱스', '전략', '수립', '쿼리', '플랜', '분석', '튜닝', '관계', '데이터베이스', '엔터프라이즈', '환경', '개발', '언어', '하나', '언어', '하나', '서비스', '개발']","['분산', '처리', '플랫폼', '개발', '이용', '패턴', '서비스', '설계', '개발', '제품', '응용', '서비스', '구현', '운영']","['동작', '유닛', '개발', '관계', '분석', '추출', '요구사항', '관계', '구조', '설계', '개발', '각국', '정부', '규정', '공급']",[Platform]Database/Data Processing Engineer
티비유,DE,"['파이프라인', '개발', '운영', '이용', '설계', '개발', '수치', '표현', '통계', '시각', '지식', '시스템', '구축', '검색', '추천', '광고', '모빌리티', '도메인', '파이프라인', '구축', '운영', '고도화']","['환경', '파이프라인', '구축', '구축', '운영', '데이터베이스', '처리', '어플리케이션', '특성', '개발', '서비스', '개발', '문제', '정의', '모델링', '파이프라인', '구축', '모델', '서빙', '개발', '운영', '검증', '전', '과정']","['충전', '배달', '충전', '소', '검색', '마이카', '서비스', '발생', '전기차', '모빌리티', '파이프라인', '구축', '고도화', '서비스', '정합', '검증', '개발', '통계', '지식', '바탕', '서비스', '운영', '확장', '최적', '파이프라인', '구축', '전기차', '문제', '정의', '검색', '추천', '시스템', '고도화', '충전', '배달', '알고리즘', '고도화', '진행']",Data Engineer
누비랩,DE,"['동료', '경력', '오픈', '소스', '솔루션', '플랫폼', '개발', '운영', '용량', '처리', '분석', '시스템', '요구', '사항', '구축', '이용', '빅데이터', '처리', '운영', '기술', '프로젝트', '관리', '문제', '해결', '창의성', '혁신', '결과', '지향', '사고']","['환경', '설계', '구축', '문제', '해결', '해결', '문제', '아키텍처', '설계', '동료', '커뮤니케이션', '피드백', '협업', '기술', '스택', '협업', '툴', '성향', '분과', '열망', '선호', '목표', '설정', '문제', '해결', '위해', '과정', '누구', '여러', '관점', '맥락', '파악', '선호', '조직', '팀', '서비스', '관점', '목표', '해결', '문제', '무엇', '정의', '분과', '상대방', '존중', '본질', '집중', '의사소통', '선호', '조건', '다음', '형태', '정규직', '프로', '베이', '션', '개월', '급여', '지급', '서울특별시', '강남구', '테헤란로', '덕', '빌딩', '층', '삼성역', '도보', '요일', '시간', '주', '주', '처우', '보상', '개인', '바탕', '인터뷰', '후', '협의', '채용', '절차', '채용', '프로세스', '서류', '전형', '차', '전화', '인터뷰', '차', '실무', '인터뷰', '레퍼런스', '체크', '차', '인터뷰', '차', '실무', '인터뷰', '합격', '경우', '레퍼런스', '체크', '차', '인터뷰', '결과', '종합', '고려', '처우', '협의', '진행', '여부', '결정', '레퍼런스', '체크', '절차', '차', '인터뷰', '진행', '여부', '결정', '영향', '주지', '점', '참고', '서류', '안내', '이력서', '포트폴리오', '깃허브', '주소', '선택', '안내', '사항', '모든', '서류', '형식', '링크', '제출', '인터뷰', '안내', '차', '전화', '인터뷰', '진행', '전화', '인터뷰', '최대', '소요', '전화', '인터뷰', '지원', '동기', '비롯', '경력', '사항', '확인', '앞', '바', '질문', '차', '실무', '인터뷰', '실무', '진과', '진행', '대면', '인터뷰', '가량', '소요', '제출', '주신', '서류', '직무', '리뷰', '레퍼런스', '체크', '후보자', '리뷰', '스펙', '터', '플랫폼', '진행', '차', '인터뷰', '진행', '대면', '인터뷰', '가량', '소요', '누비', '랩', '조직', '문화', '방식', '이야기', '시간', '전형', '절차', '내부', '상황', '변동', '지원', '내용', '허위', '사실', '경우', '합격', '취소']","['합류', '누비', '랩', '스캐너', '음식', '스캔', '음식', '종류', '양', '분석', '기술', '개발', '개인', '식', '습관', '수집', '분석', '헬', '스케', '시장', '가치', '창', '출하', '친환경', '키친', '솔루션', '음식', '시장', '산업', '혁신', '엔지니어', '누비', '랩', '빅데이터', '분석', '최적화', '플랫폼', '설계', '구축', '누비', '랩', '발생', '음식', '스캔', '영상', '분석', '서비스', '정보', '효율', '처리', '플랫폼', '설계', '구축', '분석', '목적', '실시간', '배치', '작업', '운영', '최적', '만', '애플리케이션', '환경', '운영', '운영', '환경', '만', '용량', '효율', '처리', '방법', '고민', '만']",데이터 엔지니어
오케스트로,DE,"['파이프라인', '구축', '생', '수집', '가공', '후', '저장']","['구조', '효율', '가능', '하나', '프로그래밍', '언어', '프로세스', '구축', '레이크', '구축', '운영', '서비스', '모니터링', '환경', '구축', '관리', '트러블', '슈팅', '수집', '개선', '구축', '가능']","['외부', '원천', '수집', '가공', '적재', '티어', '파이프라인', '설계', '구축', '처리', '테스트', '담당', '작성']",Data Engineer (Cloud)
인핸스(Enhans),DE,[],[],"['소스', '정형', '비정', '수집', '처리', '최적', '성능', '안정', '무결', '보장', '확장', '파이프라인', '시스템', '설계', '개발', '통합', '추출', '변환', '로드', '프로세스', '구현', '과학자', '분석', '기타', '관계자', '협력', '요구', '사항', '정의', '구체화', '소스', '식별', '분석', '보고', '즉시', '스토리', '솔루션', '개발', '관리', '파이프라인', '시스템', '성능', '모니터링', '최적화', '파티', '셔닝', '인덱싱', '캐싱', '기술', '구현']",[100억↑투자] Data Engineer
페이히어,DE,"['경력', '엔지니어', '위해', '프로그래밍', '언어', '개', '용량', '처리', '파이프라인', '실시간', '배치', '개발', '분석', '시각', '도구']","['클라우드', '환경', '용량', '파이프라인', '개발', '기술', '금융', '시장', '도메인', '지식', '업계', '더욱']","['인프라', '구성', '운영', '전반', '담당', '의사결정', '위해', '상품', '주문', '결제', '전사', '모든', '수집', '수집', '스트리밍', '배치', '처리', '파이프라인', '설계', '최적화', '진행', '타', '부서', '소통', '분석', '과제', '정의', '해결']",데이터 엔지니어
오케스트로,DE,"['파이프라인', '구축', '생', '수집', '가공', '후', '저장']","['구조', '효율', '가능', '하나', '프로그래밍', '언어', '프로세스', '구축', '레이크', '구축', '운영', '서비스', '모니터링', '환경', '구축', '관리', '트러블', '슈팅', '수집', '개선', '구축', '가능']","['외부', '원천', '수집', '가공', '적재', '티어', '파이프라인', '설계', '구축', '처리', '테스트', '담당', '작성']",Data Engineer (Cloud)
지엔터프라이즈,DE,"['엔지니어링', '경력', '하나', '언어', '웹', '사이트', '스크', '래핑', '개발', '관리', '운영', '팀', '워', '부서', '협업', '커뮤니케이션', '코드', '가독성', '동료', '리뷰', '중요성', '체감']","['클라우드', '플랫폼', '구축', '워크플로우', '운영', '용량', '파이프라인', '수집가', '분석', '개발', '운영', '백엔드', '프레임워크']","['플랫폼', '파이프라인', '설계', '개발', '시계열', '인프라', '적재', '운영', '프로세스', '개발', '레이크', '설계', '개발']",데이터 엔지니어
카운터포인트리서치,DE,"['데이터베이스', '구조', '이론', '원칙', '모범', '사례', '모델링', '웨어', '징', '파이프라인', '구축']","['자격증', '분석', '리', '포팅', '엔지니어링', '경력', '대기업', '솔루션', '애플리케이션', '설계', '구축', '운영', '개념', '지식', '문제해결', '분석']","['처리', '시스템', '설계', '유지관리', '개발', '구축', '워크플로', '변환', '시각', '대시보드', '안정', '함', '팀', '내부', '외부', '고객', '요청', '사항', '기술', '변환', '해결']",데이터 엔지니어
버즈앤비,DE,"['경력', '실력', '모바일', '앱', '서비스', '플랫폼', '서비스', '사업', '고객', '중심', '사고', '의사결정', '직', '협업', '커뮤니케이션', '분석', '프로젝트', '성과', '보신']","['클라우드', '환경', '분석', '플랫폼', '광', '고트', '킹', '플랫폼', '구축', '운영', '상용', '서비스', '처음', '개발', '운영', '본인', '기술', '타인', '설명']","['유튜브', '트위치', '인스타그램', '틱톡', '플랫폼', '집기', '구현', '파이프라인', '유지', '보수', '로그', '수집', '처리', '서비스', '모델링', '가공', '처리', '머신', '러닝', '인공', '지능', '모델', '개발', '이미지', '분류', '채용', '전형', '서류', '전형', '과제', '전형', '구현', '과제', '인터뷰', '처우', '협의', '최종', '합격']",Data Engineer (3년 이상)
라이프시맨틱스,DE,"['분과', '실무', '기술', '이슈', '개발', '직', '구성원', '커뮤니케이션', '구축', '분석', '인공', '지능', '모델', '구축']","['이면', '디지털', '헬', '스케', '제약회사', '기관', '임', '연구', '분석', '경력', '의료', '정제', '처리', '분석', '프로젝트', '의료', '플랫폼', '분석', '서비스', '설계', '구축', '운영', '지식', '지식']","['우리', '기술', '중심', '의료', '서비스', '역할', '분석', '파이프라인', '설계', '구현', '운영', '의료', '프로젝트', '전', '주기', '관리', '요구사항', '분석', '개발', '테스트', '배포', '운영', '내부', '외부', '관계자', '간', '커뮤니케이션', '산출', '물', '도출', '인공', '지능', '모델', '인공', '지능', '탑재', '서비스', '기술', '문서', '인', '허가', '지식', '재산권']",데이터엔지니어
휴맥스모빌리티,DE,"['학력', '학사', '경력', '수집', '처리', '구축', '경력', '실력', '숙련', '처리']","['프레', '미스', '서버', '네트워크', '설계', '구축', '구축', '프로젝트', '리딩', '고가용성', '시스템', '설계', '구축']","['설계', '개발']",데이터 엔지니어(Data server Engineer)_Data Hub팀
폴라리스오피스,DE,"['경력', '이하', '운영', '성능', '튜닝', '튜닝']","['운영', '운영', '관심', '신분', '이슈', '관리', '협업툴', '개발', '제출', '자료', '이력서', '자기', '소개', '포함', '포트폴리오', '제출', '시', '기여', '담당', '기재', '전형', '안내', '서류', '심사', '테스트', '차', '면접', '차', '면접', '성검사', '처우', '협의', '최종', '합격', '서류', '심사', '결과', '서류', '접수', '마감', '후', '일괄', '안내', '드릴', '예정']","['데이터베이스', '운영', '백업', '모니터링', '주요', '서비스', '분석', '최적화', '튜닝', '장애', '대응', '복구', '추출']",DBA & 데이터엔지니어 (3년 이상)
드라마앤컴퍼니(리멤버),DE,"['엔지니어링', '대규모', '웹', '크롤', '링스', '래핑', '해당', '정형', '제공', '용량', '처리', '파이프라인', '개발', '운영', '개', '언어', '숙련', '숙련']","['구축', '운영', '배치', '관리', '쿼리', '가속', '도구', '자동화', '배치', '툴', '개발', '채용', '프로세스', '서류', '전형', '과제', '전형', '차', '면접', '차', '면접', '입사', '과제', '전형', '시간', '노력', '감사', '마음', '소정', '과제', '비', '제출', '서류', '자유', '양식', '이력서', '지원동', '포함', '지원', '원서', '즉', '왜', '회사', '곳', '지원', '꼭', '포함', '개인정보', '수집', '이용', '동의', '파일', '여기', '다운']","['빅데이터', '연구', '인터넷', '상의', '각종', '크롤', '링스', '랩핑', '정형', '수집', '고도화', '관리', '자동화', '개발', '지속', '공급', '파이프라인', '구축', '관리', '기술']",데이터 엔지니어 (데이터 크롤링 전문가)
브레인커머스,DE,"['프로그래밍', '추천', '모델링', '검색', '서비스', '모델', '모델', '환경', '검색', '개인화', '서비스', '통계', '머신', '러닝', '엔지니어링', '논리', '사고력', '커뮤니케이션', '개발', '데이터베이스', '설계']","['소규모', '단위', '프로젝트', '개발', '다수', '해외', '기술', '논문', '포스팅', '구현', '테스트', '이용', '모델링', '구축', '관리']","['추천', '검색', '알고리즘', '고도화', '개선', '정확도', '향상', '개발', '추천', '검색', '알고리즘', '단', '지속', '추천', '검색', '서비스', '통합', '최적화', '결과', '제공', '정성', '정량', '커버', '추천', '검색', '알고리즘', '반영', '기술', '개인화', '추천', '검색', '모델', '개발', '추천', '검색', '모델', '배포', '서비스', '고도', '배포', '사후', '분석', '리', '포팅', '모델', '튜닝', '개발자', '협업', '소통', '모델', '가공', '협업', '서빙', '배포', '자동화', '환경', '설계', '로그', '표준화', '지표', '설계', '운영', '최적화', '성능', '모니터링', '기능', '아키텍처', '문서']",[잡플래닛] 개인화 엔지니어
메이아이,DE,"['컴퓨터', '비', '전과', '머신', '러닝', '분야', '연구개발', '경력', '수학', '컴퓨팅', '지식', '문제', '정의', '해결', '과정', '분야', '인공', '지능', '컴퓨터', '논문', '적용', '무리', '무엇', '메이', '아이', '오프라인', '공간', '디지털화', '공감', '기여']","['도메인', '집중', '연구', '머신', '러닝', '연구', '진행', '논문', '특허', '작성', '대량', '영상', '연구', '개발', '관리', '컴퓨터', '멀티미디어', '컴퓨팅', '전문', '지식']","['메이', '아이', '오프라인', '방문객', '분석', '기술', '분석', '툴', '채용', '동기', '대형', '서점', '백화점', '자동차', '쇼룸', '편의점', '영화관', '고객', '사의', '공간', '분석', '고객', '사의', '업종', '만큼', '매장', '내', '혼잡', '카메라', '화각', '분석', '측면', '분석', '환경', '분석', '환경', '추출', '기술', '업종', '고객', '만족', '기술', '연구개발', '함', '제품', '시장', '확장', '핵심', '목표', '오프라인', '공간', '방문객', '추출', '엔진', '연구', '개발', '하루', '명', '방문', '공간', '구조', '공간', '린징', '환경', '추출', '엔진', '만듭니', '매장', '방문', '상품', '방문', '이벤트', '상품', '얼마나', '적극', '체험', '광고', '얼마나', '주의', '시청', '도난', '특이', '행동', '정량', '엔진', '만듭니', '주요', '주요', '모델', '정확도', '향상', '연구', '개발', '진행', '동영상', '검', '출하', '추적', '서로', '다른', '카메라', '동일인', '식별', '동영상', '연령', '예측', '제품', '확장', '고객', '충족', '기술', '프로토타이핑', '연구', '개발', '방문객', '상품', '상호작용', '여부', '분석', '기술', '방문객', '특정', '광고', '물', '시청', '여부', '분석', '기술', '매장', '관리', '도난', '위험', '감지', '기술', '가치', '실내', '실외', '서점', '영화관', '고객', '사의', '실제', '영상', '접', '연구', '대기업', '고객', '대상', '고객', '컴퓨터', '기술', '연구', '내용', '제품', '실제', '반영', '팀', '문화', '능동', '메이', '아이', '팀', '분야', '논문', '발표', '업계', '최고', '수준', '기술', '증명', '경쟁력', '연봉', '보장', '팀', '내', '정의', '목표', '위해', '각자', '연구', '방향성', '설정', '연구', '결과', '실력', '증명', '오프라인', '공간', '방문객', '분석', '아래', '연구', '논문', '작성', '활동', '지원', '혼자', '위해', '노력', '데', '일리', '스크럼', '연구', '내용', '적극', '공유', '논문', '리뷰', '세미나', '진행', '채용', '프로세스', '서류', '전형', '자유', '양식', '이력서', '경력', '기술', '포트폴리오', '제출', '출신', '지역', '신체', '정보', '가족', '사항', '직무', '관계', '정보', '비대', '인터뷰', '연관', '메이', '아이', '팀', '제출', '서류', '직무', '기본', '기술', '이야기', '비', '대면', '진행', '내외', '진행', '직무', '인터뷰', '협업', '메이', '아이', '팀원', '비대', '인터뷰', '구체', '직무', '추구', '방향', '이야기', '메이', '아이', '사무실', '대면', '진행', '내외', '진행', '인터뷰', '메이', '아이', '대표', '문화', '추구', '가치', '메이', '아이', '문화', '적합', '도', '이야기', '대면', '비', '대면', '진행', '내외', '진행', '처우', '협의', '보상', '안', '협의', '입사', '조율']",머신러닝 연구원 (ML Researcher)
빗썸코리아,DE,"['학사', '학력', '금융', '대형', '플랫폼', '경력', '구축', '운영', '파이프라인', '구축', '운용', '상급', '비즈니스', '도메인', '지식', '학습', '거부', '감', '비즈니스', '부서', '외부', '관', '자', '적극', '커뮤니케이션']","['웹', '크롤', '링', '고객', '중심', '사고', '의사결정', '직', '협업', '커뮤니케이션', '거버넌스', '엔지니어링', '관심', '분석', '이신', '금융', '전반', '셋', '비정', '채용', '절차', '서류', '전형', '차', '기술', '인터뷰', '차', '임원', '인터뷰', '최종', '합격', '공고', '채용', '진행', '채용', '완료', '시', '조기', '마감', '서류', '전형', '결과', '전화', '인터뷰', '온라인', '테스트', '진행', '채용', '절차', '일정', '상황', '사전', '안내', '후', '변경', '전형', '결과', '개별', '안내', '입사', '후', '개월', '습기', '적용', '평가', '결과', '습기', '연장', '채용', '취소', '원서', '기재', '내용', '허위', '사실', '발견', '경우', '채용', '취소', '국가', '유공', '장애인', '취업', '보호대', '상자', '관계', '법령']","['설계', '개발', '관점', '분석', '기준', '정보', '정의', '용량', '처리', '파이프라인', '개발', '시스템', '구축', '관리', '시스템', '구축', '관리', '서비스', '환경', '고도화']",[빗썸] 데이터 분석 엔지니어 (3년 이상)
아임웹,DE,"['용량', '분석', '통계학', '지식', '정량', '분석', '전문가', '수준', '툴', '클라우드', '엔지니어링', '환경', '구축', '운영', '이커머스', '주요', '지표', '분석', '방법론', '인과', '추론', '실험설계', '방법론', '테스트', '설계', '비즈니스', '관점', '의사결정', '도출', '논리', '분석', '사고']","['팀', '리드', '팀', '커리어', '성장', '근거', '문화', '환경', '구축', '박사', '학위', '소지', '통계', '최적화', '머신', '러닝', '이론', '지식', '포지션', '기술', '확인', '코딩', '테스트', '진행']","['팀', '리드', '인프라', '구축', '시각', '분석', '방안', '도출', '목표', '달성', '가설', '설정', '검증', '실험', '설계', '분석', '테스트', '환경', '셋업', '고도화', '프로', '덕트', '비즈니스', '조직', '파트너', '로서', '협업', '관점', '인사이트', '해결', '책', '제공', '플랫폼', '지속', '발전', '최적화', '체계', '시도', '도입']",[100억↑투자] Data Lead
플래티어,DE,"['인프라', '설계', '운영', '리눅스', '환경', '시스템', '엔지니어', '로서', '컨테이너', '기술', '이용', '배포', '운영', '구축', '운영', '이용', '구성', '운영']","['서비스', '운영', '모니터링', '시스템', '지식', '대규모', '사용자', '대상', '구성', '설계', '참여', '개발', '인프라', '개선', '개발', '생산', '향상', '기여', '환경', '초기', '서비스', '구성', '고도화', '참여', '사이언스', '개발', '기획', '조직', '협업', '커뮤니케이션']","['기존', '인프라', '안정', '운영', '고도화', '비용', '효율', '개선', '서비스', '모니터링', '장애', '예방', '시스템', '개선', '장애', '프로세스', '구축', '컨테이너', '기술', '환경', '서비스', '구조', '지향', '리소스', '관리', '자동화', '모니터링', '시스템', '구축', '지속', '개선']",[그루비 SaaS 솔루션] 클라우드 엔지니어
로보코리아(LOVO Korea),DE,"['책임감', '연구', '자체', '실제', '프로덕트', '적용', '기술', '욕심', '언어', '개발', '프레임워크', '딥', '러닝', '모델', '학습', '평가', '머신', '러닝', '기본']","['글로벌', '협업', '영어', '커뮤니케이션', '프레임워크', '딥', '러닝', '모델', '구현', '서비스', '사고', '로서', '유저', '제공', '프로덕트', '완성', '도', '체계', '방식', '모델', '학습', '파이프라인', '기획', '개발', '팀', '합류', '과정', '서류', '접수', '직무', '컬쳐', '핏', '인터뷰', '라이브', '코딩', '테스트', '최종', '합격', '정규직', '채용', '경우', '개월', '습기', '선호', '항상', '자기계발', '진심', '본인', '애착', '잘해야', '놀', '땐', '땐', '줄', '아시', '효율', '성과', '프로세스', '고민', '또', '고민', '자신', '성장', '위해', '노력', '매사', '주도', '책임감']","['팀', '개발', '모델', '재', '학습', '후', '처리', '실제', '서빙', '모델', '개발', '과정', '확인', '이슈', '분석', '해결', '방안', '도출', '체계', '방식', '모델', '재', '학습', '평가', '방식', '개발']",ML Engineer (Application Engineer)
트릿지,DE,"['컴퓨터공학', '분야', '학사', '석사', '학위', '취득', '엔지니어', '로서', '알고리즘', '구조', '빅', '파이프라인', '아키텍처', '세트', '구축', '최적화', '작업', '구조', '비정', '분석', '스킬', '언어', '통계', '프로그래밍', '신분', '팀', '환경', '문제', '해결', '영어', '커뮤니케이션', '비즈니스', '레벨']","['강점', '더욱', '빅데이터', '툴', '포함', '관계', '데이터베이스', '머신', '러닝', '프레임워크', '모델', '마', '이닝', '세분', '기술', '기술', '전문성', '데이터베이스', '설계', '실무', '도구', '지식', '영어', '말']","['목표', '트릿지', '엔지니어', '창의', '사고', '소프트웨어', '개발', '기술', '트릿지', '비즈니스', '혁신', '솔루션', '역할', '트릿', '비즈니스', '출발점', '모든', '프로젝트', '소프트웨어', '개발자', '데이터베이스', '설계자', '분석', '지원', '진행', '중인', '프로젝트', '전반', '최적', '전달', '아키텍처', '설계', '구축', '담당', '주도', '최적', '파이프라인', '아키텍처', '유지', '빅', '기술', '소스', '최적', '추출', '변환', '로드', '데', '인프라', '구축', '업계', '최고', '수준', '분석', '툴', '드하', '최적화', '작업', '협력', '머신', '러닝', '인프라', '개발', '구현', '데', '협력', '확장', '파이프라인', '개발', '유지', '관리', '데', '협력', '구축', '볼륨', '복잡', '성의', '지속', '증가', '지원', '백엔드', '엔지니어', '머신', '러닝', '엔지니어', '협력', '머신', '러닝', '모델', '개발']",[1500억↑투자] Senior Data Engineer
메이븐클라우드서비스,DE,"['설계', '파이프라인', '구축', '작성', '최적화', '작성']","['정형', '비정', '처리', '구축', '운영', '표준화', '품질', '관리', '보신']","['프로젝트', '요건', '파악', '개발', '구축', '분석', '솔루션', '개발', '아키텍쳐', '링', '프로세스', '기능', '컨설팅', '고객', '구축', '모델링', '추출', '프로젝트', '리딩']",데이터 엔지니어/PM(10년 이상)
넷스루,DE,"['조건', '신입', '컴퓨터공학', '사이언스', '학과', '소프트웨어', '학과', '통계학', '산업', '공학', '전공자', '경력', '분석', '도구', '이용', '가능', '추출', '핸들링', '일련', '분석', '모델', '개발', '프로젝트', '작성', '처리', '분석', '마트', '구축', '자', '개발', '리눅스']","['컴퓨터공학', '통계학', '수학', '전공자', '커뮤니케이션', '로그', '분석', '캠페인', '개인화', '추천', '솔루션', '프로젝트']","['분석', '프로젝트', '분석', '시스템', '설계', '구축', '수집', '처리', '분석', '시각', '자동화']",데이터솔루션엔지니어링 수행 팀원_10년 미만
에이슬립,DE,"['분과', '엔지니어링', '경력', '학습', '분석', '파이프라인', '설계', '엔지니어링', '프로그래밍', '언어', '전반', '커뮤니케이션', '다른', '팀', '능동', '협력']","['프레임워크', '헬', '스케', '도메인', '특성', '디스커버리', '플랫폼', '시각', '도구', '도구', '도입', '거나', '셋업', '클라우드', '플랫폼', '빅데이터', '인프라']","['우리', '모델', '고도화', '각종', '추출', '정제', '저장', '파이프라인', '설계', '관리', '양', '효용', '최대', '전략', '방법', '기획', '실행', '체계', '관리', '플랫폼', '팀', '전사', '구성원', '접근성']",Data Engineer (5년 이상)
지놈인사이트테크놀로지,DE,"['컴퓨터', '분야', '학사', '시스템', '빅데이터', '분석', '플랫폼', '설계', '구축', '운영']","['분석', '시스템', '빌드', '솔루션', '개발', '아래', '자격증', '소유자', '아키텍처', '분석']","['분석', '시스템', '구축', '운영', '분석', '시스템', '드하', '최적화', '파이프라인', '자동화', '인프라', '관리', '운영', '구축', '운영', '빅데이터', '프레임워크', '구축', '운영', '설계', '구축', '운영', '설계', '구축', '운영', '장애', '대응', '기술', '검토', '적용', '퍼블릭', '프라이', '빗', '하이브리드', '클라우드', '구축', '기술', '검토', '적용']",Data Engineer
더블미디어,DS,"['웹앱', '서비스', '분석', '경력', '상응', '이용', '분석', '시각', '머신', '러닝']","['통계', '분석', '알고리즘', '지식', '실무', '테스트', '계획', '결과', '분석', '의견', '제시']","['웹앱', '서비스', '분석', '인사이트', '도출', '개발', '조직', '기획', '협업', '통', '로그', '설계', '관리', '툴', '분석', '대시보드', '구축', '비즈니스', '인사이트', '도출']",데이터 사이언티스트
알티엠,DS,"['컴퓨터', '영상', '처리', '딥', '러닝', '분야', '석사', '박사', '학위', '이미지', '영상', '처리', '분야', '실무', '딥', '러닝', '프레임워크', '이용', '모델', '구축', '프로젝트', '프로', '덕트', '관리', '리더십', '팀', '커뮤', '케인', '션', '협업']","['개념', '고려', '사항', '전달', '의사소통', '정보', '분석', '결과', '효과', '전달', '자료', '작성']","['기술', '제조', '도메인', '가치', '창', '추구', '직무', '포지션', '인공', '지능', '제조', '공정', '문제', '해결', '문제', '해결', '일반', '솔루션', '개발', '역할', '제조', '분야', '혁신', '기술', '적용', '생산', '향상', '비즈니스', '성과', '최적화', '주력', '이미지', '처리', '제조', '공정', '발생', '이미지', '영상', '처리', '특징', '추출', '분류', '알고리즘', '개발', '불량', '영역', '탐지', '이미지', '영상', '불량', '영역', '탐지', '모델', '개발', '적용', '불량', '구조', '인식', '불량', '구조', '인식', '불량', '물리량', '길이', '각도', '측정', '불량', '여부', '판별', '모델', '개발', '적용', '모델', '프롬프트', '양', '이미지', '불량', '영역', '탐지', '모델', '개발', '불량', '이미지', '생', '제조업', '특성', '불량', '률', '매우', '불량', '이미지', '수집', '극복', '불량', '이미지', '생', '알고리즘', '모델', '개발', '적용']",Senior Data Scientist (이미지 데이터)_5년 이상
하이(Haii),DS,"['경력', '프레임워크', '정형', '비정', '처리', '프로그램', '개발', '개발', '백엔드', '프레임워크', '툴', '협업']","['모델', '서비스', '파이프라인', '구축', '가공', '처리', '분석', '프로젝트', '환경', '기타', '기술', '요건', '외', '모든', '기술', '개발', '애자', '프로젝트', '실무', '개발', '기록', '문서', '작성', '작성']","['디지털', '치료', '제의', '과학', '근거', '치료', '진단', '목적', '달성', '치료', '제', '개발', '디지털', '바이오', '발굴', '구현', '분석', '모델', '훈련', '검증', '배포', '파이프라인', '구축', '운영', '모델', '이용', '개발', '디지털', '치료', '제', '솔루션', '적용']",데이터 사이언티스트 [ML팀]
아템드메라키,DS,"['과학', '통계', '컴퓨터', '공학', '분야', '학사', '학위', '분포', '분석', '분류', '클러스터링', '통계', '프레임', '코딩', '기술', '조건', '예', '혁신', '창의성', '직관', '강조', '입증', '예', '측면', '식별', '고정관념', '독창', '생각', '디지털', '자산', '산업', '경력', '디지털', '자산', '산업', '열정', '경력']","['석사', '학위', '박사학위', '박사', '과정', '지원', '분석', '유사']","['통계', '분석', '모델링', '기법', '셋', '적용', '기존', '전략', '발전', '산업', '영역', '이전', '탐구', '방향성', '탐구', '자체', '작업', '흐름', '관리', '행동', '심층', '영역', '전문', '지식', '개발', '세트', '시각', '탐색', '예측', '기능', '구상']",데이터 사이언티스트
글로벌리어,DS,[],[],[],Data Scientist
핵클(Hackle),DS,"['경력', '컴퓨터', '과학', '통계학', '수학', '전공', '박사', '학위', '머신', '러닝', '워크플로우', '수집', '검증', '처리', '가공', '모델', '트레이닝', '모델', '성능', '평가', '모델', '배포', '과정', '구축', '시계열', '서비스', '프로', '덕트', '딥', '러닝', '모델', '추론', '최적화', '제품', '주요', '프레임워크', '최신', '딥', '러닝', '기술', '구현', '프로그래밍', '조작', '알고리즘', '모델', '개발', '대규모', '세트', '통찰', '도출', '숙련']","['모든', '수준', '기술', '비즈니스', '성숙', '도의', '관계자', '효과', '의사', '소통', '컨퍼런스', '학회', '논문', '게재', '머신', '러닝', '린지', '전형', '절차', '해당', '포지션', '설명', '핵', '채용', '사이트', '공고', '참고', '핵', '홈페이지', '하단', '채용', '안내', '참조']","['핵', '소프트웨어', '엔지니어', '고객', '전송', '용량', '비정', '실시간', '처리', '고객', '의사결정', '지원', '핵', '엔진', '서비스', '징후', '원인', '탐지', '비지니스', '전략', '추천', '개발', '고객', '핵', '제공', '분석', '결과', '비지니스', '의사결정', '만큼', '핵', '제공', '신뢰', '집착', '팀', '협력', '세계', '수준', '실험', '플랫폼', '고객', '분석', '플랫폼', '비지니스', '의사결정', '구축', '양', '사용자', '행동', '수집', '마', '이닝', '인사이트', '도출', '의사결정', '일련', '과정', '프레임워크', '핵', '서비스', '내', '자동화']",Data Scientist / Machine Learning Engineer
그립컴퍼니,DS,"['경력', '프로그래밍', '언어', '개발', '클라우드', '환경', '개발', '여러', '부서', '요구사항', '파악', '커뮤니케이션']","['머신', '러닝', '딥', '러닝', '모델', '이용', '실제', '서비스', '운영', '이용', '머신', '러닝', '딥', '러닝', '개발', '이용', '운영', '컴퓨터공학', '통계학', '수학', '전공자', '석사', '전형', '절차', '서류', '전형', '차', '면접', '기술', '차', '면접', '문화', '적합', '최종', '합격', '참고', '사항', '직무', '직책', '레퍼런스', '조회', '진행', '정규직', '경우', '개월', '습기', '적용', '수습', '평가', '수습', '연장', '종료']","['팀', '소개', '빅데이터', '팀', '소개', '빅데이터', '탐구', '유저', '제공', '사적', '의사결정', '데이터시각화', '탐구', '전사', '전파', '살', '선', '순환', '고리', '신설', '조직', '구조', '서비스', '논의', '직무', '소개', '전통', '이커머스', '달리', '라이브', '커머스', '신규', '플랫폼', '발생', '분석', '기법', '적용', '가치', '정보', '머신', '러닝', '딥', '러닝', '기법', '이용', '패턴', '모델링', '거나', '상치', '탐지', '각종', '로그', '이용', '방송', '상품', '추천', '시스템', '개발', '딥', '러닝', '이용', '라이브', '커머스', '모델', '랭킹', '추천', '방송', '모니터링', '어뷰징', '탐지', '서비스', '전반', '적용', '테스트', '성과', '측정', '바탕', '서비스', '지표', '지속', '상승', '주요', '방송', '상품', '머신', '러닝', '딥', '러닝', '실험', '모델', '개발', '이용', '모델', '관리', '학습', '배포', '자동화', '시스템', '구축', '모델', '검증', '개선']",데이터 사이언티스트(AI)
에이아이트릭스(AITRICS),DS,"['헬', '스케', '빅데이터', '분석', '임', '연구', '통계', '컴퓨터공학', '산업', '공학', '수학', '석사', '학위', '소유자', '분야', '경력', '직접', '추출', '가공', '탐색', '분석', '모델링', '시각', '의료', '분야', '관심', '임', '가치', '창', '열정']","['병원', '시스템', '의료', '구조', '임', '통계', '논문', '인공', '지능', '머신', '러닝', '임상시험', '진행', '통계', '분석', '시계열', '분석', '예측']","['의료', '빅데이터', '분석', '발굴', '헬', '스케', '바탕', '효율', '정제', '구조', '정의', '파이프라인', '구축', '운영', '협업', '의료', '인공', '지능', '모델', '개발', '임', '분석']",Data Scientist
에스알파테라퓨틱스,DS,"['조건', '취합하', '자', '임', '통계학', '통계학', '응용', '통계', '정보통', '전공', '석사', '학위', '소지', '자연계', '석사', '학위', '수료', '통계', '프로그램', '해외여행', '결격', '사유', '자']","['임상시험', '분석', '경력', '종업', '영어', '능통', '우수']","['팀', '임상시험', '설계', '통계', '검토', '컨설팅', '계획', '검토', '표본', '산출', '임상시험', '분석', '검토', '작성', '검토', '작성', '검토', '디지털', '의료기기', '분석', '검토']",[전문연구요원] 통계분석 전문가
휴톰,DS,"['응용', '통계', '분석', '산업', '공학', '전공', '석사', '학위', '분석', '마', '이닝', '머신', '러닝', '경력', '분석', '언어', '분석', '유', '신규', '발굴', '정의', '통계', '분석', '모델링', '연구', '방향성', '제시', '관계', '부서', '협력', '기관', '의사소통']","['박사학위', '소지', '의료', '분석', '경력', '프로젝트', '설계', '구현', '평가', '리딩', '환경', '린지', '매니', '징', '팀', '단위', '조직', '운영', '국책', '과제', '실무']","['수술', '치료', '의료', '통계', '분석', '수술', '전', '과정', '의료', '분석', '모델링', '예측', '최적화']",Data Scientist(Senior)
파이온코퍼레이션,DS,"['차', '면접', '전', '문제', '풀이', '단계', '딥', '러닝', '동작', '방식', '알고리즘', '깊이', '가능', '박사', '졸업', '학부', '컴퓨터', '전공']","['동영상', '온라인', '광고', '서비스', '플랫폼', '개선', '점', '방향', '제안']","['실리콘밸리', '출신', '연구', '분석', '모델링', '텍스트', '추출', '인물', '상품', '인식', '동작', '인식', '분류', '공개', '모델', '분석', '향상', '모델', '학습', '자체', '모델', '지속', '개선']",브이캣 딥러닝 엔지니어
팀블랙버드(CryptoQuant),DS,"['따라서', '아래', '기준', '데이터베이스', '프로덕션', '환경', '파이썬', '프로그래밍', '스크립팅', '개발', '웹', '프레임워크', '기본', '지식', '기술', '스택', '툴']","['크립토퀀트', '기업', '문화', '데이터베이스', '이용', '관해', '깊이', '운영', '보신', '파이프', '라이닝', '자동화', '모니터링', '시스템', '구축', '깊이', '관리', '빅데이터', '웨어', '징', '솔루션', '블록', '체인', '노드', '운영', '체인', '투자', '암호', '화폐', '금융', '분야', '관심', '영어', '소통']","['합류', '팀', '다음', '엔지니어', '엔지니어', '팀', '소속', '팀', '프로덕트', '인프라', '프로젝트', '진행', '엔지니어', '인프라', '설계', '파이프라인', '구축', '고객', '안정', '제공', '만듭니', '엔지니어', '팀', '내부', '프로', '덕트', '팀', '협업', '담당', '아래', '암호', '화폐', '투자', '유', '의미', '개발', '가공', '인프라', '구축', '소스', '로부터', '로우', '수집', '예', '로우', '로부터', '가공', '인덱싱', '데이터베이스', '구축', '가공', '정', '제비', '정제', '요구사항', '데이터베이스', '저장', '수집가', '저장', '파이프', '라이닝', '자동화', '인프라', '구축', '분석', '웨어', '징', '솔루션', '구축', '진행', '엔지니어링', '프로젝트', '후보', '다음', '해당', '진행', '다음', '성장', '급', '개발', '라지', '스케일', '웨어하우스', '운영', '축적', '인프라', '설계', '라지', '스케일', '병렬', '처리', '효율', '워크플로', '설계', '직접', '참여', '구현', '협업', '크립', '토', '생태계', '전반', '고객', '중심', '사고', '바탕', '프로젝트', '십', '가지', '능동', '프로젝트', '채용', '프로세스', '다음', '서류', '전형', '직무', '인터뷰', '컬쳐', '핏', '인터뷰', '상황', '면접', '비', '대면', '진행', '과제', '전형', '추가', '수도', '수습', '이후', '정규직', '채용', '확정']",[100억↑투자] Web3 데이터 엔지니어
바이온사이트,DS,"['원천', '로부터', '정제', '특징', '추출', '직접', '모형', '개발', '성능', '평가', '처리', '가공', '분석', '분석', '과정', '결과', '부서', '전달', '커뮤니케이션', '신약', '개발', '단백체학', '분야', '최신', '분석', '법', '관심', '학습']","['신약', '개발', '화학', '생물학', '분야', '분석', '모델링', '질량', '분석', '연구개발', '개발', '환경', '외국어', '영어', '커뮤니케이션']","['바이오', '컬', '데이터베이스', '수집', '가공', '분석', '질량분석기', '분석', '단백질', '약물', '활', '예측', '분석', '약학', '플랫폼', '개발', '유지', '보수', '분석', '모델', '성능', '평가', '고도화']",Data Scientist
아이트럭,DS,"['언어', '숙련', '라이브러리', '능', '숙자', '상용', '서비스', '제품', '개발', '회', '혐']","['통계학', '지식', '개발', '사용자', '논리', '체계', '문제해결', '효과', '의사', '전달', '협업']","['모델', '서빙', '추천', '모델', '시계열', '개발']",ML 머신러닝 중급 개발자
제네시스랩,DS,"['경력', '실력', '겸비', '통계', '분석', '데이터마이닝', '이용', '분석', '딥', '러닝', '학습', '영상', '음성', '텍스트', '처리', '작업', '직접', '보고', '분석', '작업', '가치', '보안']","['딥', '러닝', '추론', '결과', '분석', '모델', '성능', '향상', '기여', '기술', '관심', '수집', '설계', '코드', '품질', '집착']","['기술', '딥', '러닝', '모델', '추론', '결과', '분석', '모델', '성능', '향상', '기여', '실제', '서비스', '수집', '영상', '음성', '텍스트', '분석', '수집', '파이프라인', '설계', '내부', '시스템', '이용', '관리', '태깅', '할당', '관리']",[200억↑투자] Data Scientist (3년이상)
아프리카TV,DS,"['통', '베이스', '직접', '추출', '개', '분석', '도구', '분석', '경력']","['유저', '세그먼트', '설계', '세그먼트', '별', '인사이트', '추출', '시각', '도구', '서비스', '개선', '동영상', '서비스', '분석', '핸들링', '분석', '마케팅', '성과', '분석', '리', '포팅', '프레', '젠', '테이', '션', '아프리카', '서비스', '이용', '소비', '형태', '이상현', '트렌드', '변화']","['서비스', '이용자', '분석', '서비스', '개선']",VOD 서비스 이용자 분석 및 서비스 개선
로보코리아(LOVO Korea),DS,"['성격', '언어', '개발', '모델', '학습', '평가']","['셋', '수집', '관리', '대규모', '수집', '파이프라인', '구축', '운영', '관리', '엔지니어링', '음성', '처리', '팀', '합류', '과정', '서류', '접수', '직무', '컬쳐', '핏', '인터뷰', '라이브', '코딩', '테스트', '최종', '합격', '정규직', '채용', '경우', '개월', '습기', '선호', '항상', '자기계발', '진심', '본인', '애착', '잘해야', '놀', '땐', '땐', '줄', '아시', '효율', '성과', '프로세스', '고민', '또', '고민', '자신', '성장', '위해', '노력', '매사', '주도', '책임감']","['대규모', '음성', '텍스트', '학습', '수집', '파이프라인', '운영', '관리', '효율', '관리', '처리', '기술', '최적화', '수집', '품질', '전후', '처리', '학습', '가공', '정제', '결과물', '음성', '체계', '측정', '평가', '척도', '개발', '팀', '협력', '대규모', '인사이트', '도출']",ML Engineer (Data Engineer)
에스넷시스템,DS,"['통계', '분석', '빅데이터', '실제', '프로젝트', '제조', '분석', '구조', '개념', '프로세스', '전략', '컨설팅', '기본', '제안', '작성', '경력', '학력', '년', '학사', '본사', '선릉', '부서', '팀']","['통계학', '컴퓨터', '사이언스', '박사', '학위', '취득', '다수']","['티스', '트', '플랫폼', '설계', '개발', '기술', '빅데이터', '플랫폼', '개발', '구축', '분석', '알고리즘', '적용', '시스템', '구축', '방향', '수립', '모델링', '분석', '과제', '추진', '컨설팅', '프로젝트', '매니저']",AI 빅데이터 분석 컨설턴트
비주얼캠프,DS,"['프로그래밍', '이론', '전반', '딥', '러닝', '모델', '학습', '딥', '러닝', '프레임워크', '개발', '전문성', '최신', '기술', '동향', '파악', '문제', '해결', '팀원', '적극', '소통', '스스로', '동기부여', '학습']","['구축', '딥', '러닝', '모델', '적용', '서비스', '프로덕트', '딥', '러닝', '모델', '추론', '최적화', '탑', '티어', '컨퍼런스', '논문', '저자', '컴퓨터', '인공', '지능', '분야', '학위', '분석', '박사']","['팀', '시선', '추적', '기술', '연구개발', '시선', '추적', '기술', '연구', '시선', '추적', '딥', '러닝', '모델', '학습', '실험', '머신', '러닝', '시선', '추적', '논문', '리뷰', '나은', '기술', '탐색', '시선', '추적', '기술', '개발', '모바일', '전면', '카메라', '웹캠', '얼굴', '이미지', '시선', '추적', '기술', '개발', '시선', '추적', '기술', '성능', '향상', '위해', '알고리즘', '방법론', '제시', '모델', '배포', '작성', '모델', '최적화', '딥', '러닝', '모델', '배포', '운영']",Computer Vision Engineer 및 Researcher
해줌,DS,"['경력', '이상인', '시계열', '분석', '예측', '논문', '알고리즘', '분석', '후', '구현', '통계', '분석', '인공', '지능', '머신', '러닝', '박사학위', '경력', '소지', '언어', '가능']","['기상', '머신', '러닝', '모델링', '도구', '분석', '전형', '절차', '서류', '전형', '실무', '면접', '인성', '면접', '성검사', '처우', '협의', '입사']","['전력', '중개', '사업', '가장', '발', '전량', '예측', '자동화', '여러', '서비스', '알고리즘', '모델', '개발', '기상', '정보', '태양광', '풍력', '주로', '분석', '내용', '태양광', '발', '전량', '예측', '알고리즘', '고도화', '풍력', '발', '전량', '예측', '전력', '중개', '사업', '최적화', '알고리즘', '개발', '신재생에너지', '제어', '알고리즘', '개발']",데이터사이언티스트
플래티어,DS,"['통계학', '수학', '분석', '학과', '전공자', '경력', '석사', '졸업', '경력']","['이커머스', '분야', '마케팅', '솔루션', '마케팅', '분야', '클라우드', '서비스', '분산', '병렬', '처리', '프레임워크', '대회', '입상']","['상품', '추천', '모델', '고객', '션', '모델링', '구매', '확률', '모델', '이탈', '확률', '모델', '예측', '모델링', '서비스', '아이디어', '도출', '이커머스', '고객', '행동', '분석', '서비스', '개선', '목표', '달성', '실험', '설계', '제안', '결과', '분석', '주요', '지표', '성과', '분석']",[그루비 SaaS 솔루션] 데이터사이언티스트
몰로코,DS,[],[],[],Senior Data Scientist
브레인커머스,DS,"['추천', '모델링', '검색', '서비스', '모델', '개발', '이상인', '환경', '검색', '개인화', '서비스', '신분', '서비스', '이용', '모델링', '통계', '머신', '러닝', '엔지니어링', '논리', '사고력', '커뮤니케이션']","['석사', '학위', '지하', '신분', '머신', '러닝', '국제', '학술', '대회', '논문', '게재']","['조직', '소개', '잡플래닛', '조직', '전략', '서비스', '핵심', '자산', '최', '우선', '위해', '효율', '수집', '정제', '저장', '분석', '환경', '구축', '위해', '플랫폼', '설계', '구축', '진행', '안정', '운영', '담당', '형태', '정형', '비정', '모두', '용량', '로부터', '인사이트', '효과', '낼', '기술', '제공', '사업', '성공', '중추', '역할', '팀', '팀', '잡플래닛', '개인화', '추천', '검색', '자연어', '분석', '서비스', '프로덕트', '제공', '검색', '서비스', '통계', '개인화', '모델', '개발', '개인화', '추천', '모델', '개발', '서비스', '고도', '가설', '설정', '모델링', '사후', '분석', '리', '포팅', '기술', '프로덕트', '적용', '모델', '개발', '모델', '가공', '협업', '서빙']",[잡플래닛] Data Scientist(검색/추천 담당)
소프트베리,DS,"['문제', '스스로', '정의', '리서치', '해결', '프로', '덕트', '출시', '개인', '논문', '작성', '머신', '러닝', '전기차', '최신', '논문', '구현', '프레임워크', '등를', '이용', '최신', '기술', '구현', '경', '프로덕션', '레벨', '유지', '보수', '코드', '설계', '직접', '유지', '보수', '이용', '코드', '버전', '관리', '팀', '협업', '모델', '프로', '덕트', '경력', '통계학', '산업', '공학', '응용수학', '분야']","['전기차', '전기차', '인프라', '모빌리티', '리서치', '앱', '주도', '토론', '참여', '주장', '프로젝트', '관리']","['사용자', '전기차', '충전', '향상', '모델링', '기능', '개발', '사용자', '충전', '패턴', '모델링', '프로젝트', '일정', '테스', '관리', '과거', '충전', '소', '이용', '로그', '미래', '전력', '수요', '예측', '앱', '로그', '분석', '사용자', '행동', '패턴', '분석', '예측', '외', '가치', '창', '출하', '모든']",EVI Data 사이언티스트
넛지헬스케어(캐시워크),DS,"['상의', '학위', '수료', '추출', '분석', '언어', '시각', '툴', '기본', '지식', '분석', '방법', '지식', '가설', '설계', '진행', '마케팅', '지표']",[],"['추출', '처리', '지표', '관리', '시각', '대시보드', '제작', '운영', '분석', '요건', '기획', '수집', '관리', '가설', '수립', '검증', '각종', '지표', '정의', '트래킹', '자동화', '전형', '절차', '서류', '전형', '코딩', '테스트', '차', '인터뷰', '처우', '협의', '최종', '합격', '전형', '결과', '추가', '코딩', '테스트', '진행', '전형', '과정', '동의', '레퍼런스체크', '진행']",데이터분석가
버킷플레이스(오늘의집),DA,"['분석', '경력', '커머스', '기타', '프로', '덕트', '전반', '로그', '정의', '분석', '고객', '문제', '가설', '검증', '잠재', '기회', '계량', '해결', '방안', '도출', '핵심', '프로', '덕트', '지표', '설계', '도식', '기타', '통계', '분석', '툴', '빅데이터', '기술', '정리', '문제', '해결', '사고', '비판', '의사결정']","['이커머스', '콘텐츠', '플랫폼', '분야', '프로', '덕트', '분석', '테스트', '전사', '지표', '관리', '도식', '연관', '기술', '키', '워드']","['프로', '덕트', '메인', '지표', '설정', '운영', '프로덕트', '고객', '영향', '계량', '주요', '거', '지표', '위험', '발견', '환경', '조성', '의사결정', '위해', '디자이너', '비즈니스', '너', '엔지니어', '이해관계자', '협업', '프로', '덕트', '성과', '측정', '프로', '덕트', '성공', '지표', '모델링', '통계', '분석', '의사결정', '진행', '케이스', '최적화', '통계', '모델링', '가이드', '제작', '관리', '실험', '플랫폼', '온보딩', '고도화']",Senior Data Analyst (Front Product)
피에트(FIET),DA,"['전략', '경력', '이신', '문제', '해결', '가설', '설정', '추출', '가공', '분석', '보고서', '작성', '비즈니스', '분석', '전체', '과정', '서비스', '분석', '방법', '서비스', '개선', '비즈니스', '전략', '방향', '사업', '계획', '수립', '구조', '사고', '커뮤니케이션']","['전략', '컨설팅펌', '경력', '스스로', '문제', '정의', '가설', '구조', '사고', '문제', '해결', '분석', '툴', '건강', '관리', '분야', '관심']","['자사', '전략', '방향', '개선', '인사이트', '도출', '실질', '의사', '결정', '지원', '서비스', '비즈니스', '개선', '분석', '개선', '과제', '도출', '전략', '방향', '사업', '계획', '수립', '비즈니스', '의사결정', '지원', '핵심', '지표', '모니터링', '시각', '레벨', '누적', '유저', '모델', '개발', '개선']",Business Analyst
콘텐츠퍼스트(Tappytoon/태피툰),DA,"['분석', '엔지니어', '로스', '마케터', '서비스', '직', '경력', '로그', '수준', '로스', '프로젝트', '리딩', '성과', '웹툰', '컨텐츠', '부분', '프로젝트', '리딩', '성과']","['숫자', '논리', '추론', '결과', '바탕', '사업', '기술', '측면', '효과', '소통', '서비스', '로그', '정의', '검증', '분석', '대시보드', '구축', '관리', '형태', '서비스', '실험', '설계', '분석', '조직', '수립', '관리']","['태피툰', '총괄', '팀', '팀', '구성', '본부', '리드', '인앱', '메시지', '푸시', '알림', '이메일', '채널', '고객', '지표', '향상', '티켓', '프로모션', '캠페인', '총괄', '수집가', '제공', '전반', '로드맵', '설계', '관리', '분석', '인사이트', '도출', '액션', '아이템', '발굴']",Growth Head
카카오VX,DA,"['인사이트', '도출', '개선', '점', '적용', '서비스', '개선', '비즈니스', '전략', '방향', '사업', '계획', '수립', '커뮤니케이션']","['열정', '커뮤니케이션', '이커머스', '빅데이터', '분석', '프로젝트', '골프', '예약', '시스템', '업계', '동향', '포함', '골프', '도메인', '지식']","['골프', '예약', '수집', '가공', '분석', '의미', '인사이트', '도출', '담당', '골프', '예약', '플랫폼', '개선', '전략', '개발', '담당', '시각', '결과', '팀', '전달', '담당']",골프플랫폼개발그룹 골프 예약 데이터 분석가 팀장
웨이브릿지,DA,"['금융투자', '석사', '자격증', '디지털', '자산', '지식', '제도', '금융업', '증권사', '리서치', '부서', '블록', '체인', '디지털', '자산', '업계', '경력', '기술', '제출']","['제도', '증권사', '내', '경력', '내외', '영어', '기타', '외국어', '회화', '실력', '적극', '커뮤니케이션', '기관', '투자자', '네트워크']","['월', '기연', '단위', '시장', '전망', '분석', '자료', '작성', '보고', '국내', '해외', '시장', '규제', '동향', '파악', '분석', '자료', '작성', '각종', '컨퍼런스', '세미나', '발표', '보고서', '작성', '기관', '별', '파악', '대응', '사내', '시장', '분석', '요청', '대응', '마련']",Research Analyst
강남언니(힐링페이퍼),DA,"['모시', '경력', '프로그래밍', '언어', '등를', '분석', '비즈니스', '인텔리전스', '도구', '리', '포팅', '툴', '대시보드', '구축', '부서', '협업', '본인', '분석', '인사이트', '바탕', '액션']","['점', '더욱', '분야', '재직', '이력', '학위', '전산', '통계', '머신', '러닝', '수학', '알고리즘', '로그', '수준', '가공', '분석', '결과', '도출', '전체', '분석', '프로세스', '유']","['우리', '스쿼드', '비', '전과', '목표', '가지', '강남', '팀', '비즈', '옵스', '스쿼드', '강남', '사업', '성장', '위해', '목표', '목표', '전략', '기여', '성장', '위해', '사업', '목표', '현황', '파악', '중간', '마일', '스톤', '수립', '장단', '기적', '목표', '구성원', '집중', '강남', '팀', '스쿼드란', '스쿼드', '의식', '목적', '팀', '문제', '해결', '가장', '효율', '단위', '팀', '강남', '팀', '회사', '핵심', '지표', '정의', '개선', '관리', '인사이트', '바탕', '비즈니스', '변화', '성장', '앞', '비즈니스', '서비스', '지표', '기획', '관리', '분석', '인사이트', '도출', '전사', '의사결정', '환경', '구축', '주요', '지표', '개발', '관리', '모니터링', '이슈', '사항', '발굴', '부서', '협업', '과제', '비즈니스', '시나리오', '별', '시뮬레이션', '실질', '액션', '제안', '비즈니스', '임팩트', '도출']",Business Analyst (주니어)
알티비하우스(RTB House),DA,[],[],[],(Senior) Business Analyst
넥슨코리아(NEXON),DA,"['프로그래밍', '언어', '데', '자신', '분석', '머신', '러닝', '분야', '실무', '배치', '파이프라인', '기본']","['분석', '인사이트', '바탕', '실행', '제안', '발전', '한가지', '게임', '깊이', '플레이', '보신', '게임', '게임', '산업', '호기심', '열정']","['합류', '유저', '인', '게임', '행동', '패턴', '분석', '유저', '션', '머신', '러닝', '모델링', '유저', '분류', '탐색', '주제', '연구', '넥슨', '플레이', '로그', '유저', '개개인', '성향', '추정', '내', '발견', '유저', '특징', '웹', '서비스', '개발', '외부', '결합', '처리', '파이프라인', '구축']",[인텔리전스랩스] 데이터 분석가 (유저 모델링)
콘센트릭스서비스코리아CATALYST,DA,"['구조', '디지털', '광고', '캠페인', '퍼포먼스', '마케팅', '전반', '기본', '비즈니스', '영어']","['엑셀', '파워포인트', '적극', '능동', '마인드', '커뮤니케이션', '스킬']","['분석', '내', '글로벌', '조회', '수집가', '최적화', '서비스', '런칭', '웹사이트', '내', '이슈', '분석', '원인', '규명', '도출', '고객', '해외', '법인', '고객', '커뮤니케이션']",GA/AA 분석가 (사원~과장)
비모소프트,DA,"['분석', '실무', '경력', '분석', '머신', '러닝', '마케팅', '전반', '지식', '추출', '처리', '분석', '인사이트', '도출', '분석', '과정', '자유', '자재', '처리', '분석', '분석', '결과', '결과', '도출', '논리', '개선', '사항', '제시', '시각', '기획', '마케팅', '개발', '직', '커뮤니케이션', '협업']","['인사이트', '서비스', '지표', '상승', '문제', '해결', '평소', '계산', '인사이트', '누구', '커뮤니케이션', '전공', '통계학', '컴퓨터공학', '산업', '공학', '교육', '이수', '석준', '전문가', '빅데이터', '분석', '기사', '분석', '자격증', '마케팅', '지표']","['분석', '결과', '해석', '보고서', '작성', '대시보드', '운영', '제작', '비', '소프트', '서비스', '중인', '어플리케이션', '유저', '행태', '정제', '가공', '분석', '인사이트', '도출', '팀', '협업', '비즈니스', '문제', '정의', '해결', '가설', '수립', '가설', '수립', '검증', '비즈니스', '로직', '개선', '방안', '제안', '수집', '분석', '시각', '사용자', '행동', '서비스', '사용자', '요구', '충족', '확인', '기적', '분석', '결과', '리포트', '협업', '부서', '전달']",데이터분석가 (2년 이상)
루닛(Lunit),DA,"['관리', '분야', '영어', '커뮤니케이션', '의료', '산업', '진단', '의료', '인공', '지능', '관심', '대졸', '실무', '의료', '관리', '관심', '대규모', '의료', '관리', '의료', '관리', '학과', '졸업', '보건', '의료', '통계', '과학', '전공', '영어', '커뮤니케이션', '내부', '외국인', '직원', '소통', '내부', '직', '협업', '커뮤니케이션', '관리', '프로세스', '제안', '거나', '적용']","['협업', '툴', '협업', '지식', '프로그램', '언어', '기본', '분위기', '책임감', '모델', '관리', '스타트업', '환경']","['제품', '기획', '시', '관리', '계획', '설정', '수집', '정제', '반출', '관리', '외부', '이해관계자', '협업', '소통', '계약', '관리', '이행', '내부', '관리', '기획', '실행', '분석', '전반', '문서']",Medical Data Manager
넷스루,DA,"['경력', '구글', '애', '널리', '스', '구글', '태그', '매니저']","['디지털', '캠페인', '분석', '가능', '주요', '마케팅', '채널', '매체', '세팅', '집행', '분석', '최적화', '직접', '운영', '가능', '캠페인', '별', '마케팅', '퍼널', '설계', '주요', '수립']","['자사', '솔루션', '이용', '분석', '태그', '설치', '이슈', '파악', '분석', '프로젝트']",웹사이트 마케팅 데이터 애널리틱스 및 태깅 서비스 담당자
코리아포트원,DA,"['경력', '글로벌', '비즈니스', '수준', '영어', '분석툴', '직접', '추출', '가공', '보신', '대시보드', '세팅', '분석', '인사이트', '도출', '믹스', '패널', '앰플리튜드', '개', '툴', '세팅', '관리', '분석툴', '개']","['핀', '테크', '산업', '마트', '테이블', '설계', '논리', '사고', '관점', '문제', '해결', '분석', '액션', '아이템', '제시', '실험', '설계', '제품', '향상']","['사적', '문화', '확립', '사업', '전략', '운영', '개선', '안', '도출', '실행', '성과', '측정', '데', '중심', '역할', '제품', '조직', '제품', '별로', '정량', '지표', '수취', '정책', '방식', '설정', '의사결정', '서비스', '전사', '방향', '결정', '전략', '역할', '사업', '부서', '협업', '사업', '전반', '측정', '분석', '도출', '제품', '효율', '프로세스', '평가', '사업', '성장', '방향성', '프로젝트', '우선', '순위', '솔루션', '제공', '협업', '인프라', '웨어하우스', '파이프라인', '수립']",Business Analyst
테크랩스,DA,"['분석', '경력', '유', '의미', '분석', '결과', '도출', '수학', '통계', '지식', '코호트', '분석', '테스트', '퍼널', '분석', '분석', '방법론', '분석', '결과', '타', '팀', '도구', '시각', '포트폴리오', '이력서', '직무', '내용', '상세', '경우', '별도', '제출', '불']","['이용', '추출', '가공', '툴', '분석', '자격증', '열정']","['브랜드', '셀러', '레이', '팅', '사업', '부', '고관', '제품', '서비스', '마케팅', '전략', '실행', '병', '의원', '특화된', '로스', '마케팅', '전문', '사업', '부', '파트너', '병', '의원', '연간', '최대', '성장', '병원', '브랜드', '부스터', '병원', '마케팅', '사관학교', '불리', '오프라인', '광고', '물', '홈페이지', '블로그', '유튜브', '영상', '콘텐츠', '콘텐츠', '전략', '수립', '제작', '차별', '마케팅', '제공', '담당', '서비스', '핵심', '지표', '정의', '추적', '시각', '서비스', '이용', '패턴', '분석', '위해', '설계', '관리', '각종', '리포트', '설계', '개발', '비지니스', '추출', '가공', '사업', '지표', '시각', '전사', '서비스', '이슈', '분석', '인사이트', '도출']",마케팅 데이터분석 (브랜드엑셀러레이팅사업부/데이터분석팀)
이마고웍스,DA,"['경영학', '학과', '학사', '학위', '소지', '인공', '지능', '관심', '제출', '서류', '자유', '양식', '이력서', '자기', '소개', '대학', '이전', '기술', '말']",['치과'],"['치과', '인공', '지능', '관리', '레이블', '계획', '분배', '관리', '정책', '도입', '관리', '커리어', '의료', '용', '인공', '지능', '매니지먼트', '전문가']",[100억↑투자] Data Manager
와드(캐치테이블),DA,"['비즈니스', '분석', '정량', '논리', '문제', '접근', '구체', '보고', '문제', '끝', '해결', '집념', '분석', '결과', '전달', '커뮤니케이션', '분석', '툴']","['이커머스', '푸드', '게임', '업계', '도메인', '경력', '유대', '사업', '비즈니스', '경력']","['비즈니스', '현황', '모니터링', '이슈', '분석', '의사결정', '분석', '인사이트', '액션', '아이템', '도출', '기존', '프로세스', '개선', '신규', '지표', '개발', '관리', '주요', '비즈니스', '지표', '예약', '웨이', '팅', '예측', '목표', '수립']",Business Analyst
브레인커머스,DA,"['분석', '직접', '추출', '정제', '추출', '가공', '시각', '서비스', '핵심', '지표', '설정', '지표', '성장', '위해', '가설', '실험', '직접', '서비스', '개선', '가설', '검증', '테스트', '설계', '결과', '분석', '프로덕트', '적용', '멀티', '디바이스', '모바일', '앱', '통합', '분석', '퍼널', '분석', '리', '텐션', '분석', '코호트', '분석', '프로', '덕트', '분석', '방법', '이용', '로그', '설계', '관리', '기초', '통계학', '지식']","['사업', '전략', '수립', '관리', '조직', '관리', '이벤트', '설계', '운영', '사내', '구성원', '리터', '러시', '함양', '영향', '채용', '절차', '서류', '전형', '차', '실무', '인터뷰', '차', '부서', '인터뷰', '차', '영진', '인터뷰', '전형', '과정', '필요시', '전형', '단계', '감소', '추가']","['잡플래닛', '팀', '프로', '덕트', '설계', '유저', '향상', '최적화', '디테일', '깊이', '분석', '주도', '진행', '프로덕트', '발전', '기여', '주요', '주요', '설정', '목표', '달성', '위해', '가설', '실험', '서비스', '개선', '분석', '서비스', '방향', '설정', '부서', '설득', '개발자', '프로', '덕트', '팀', '협업', '추적', '시각', '팀원', '공유', '서비스', '패턴', '파악', '로그', '설계', '관리']",[잡플래닛] 데이터 분석가 (3년 이상)
더블유클럽,DA,"['앱', '서비스', '분석', '실무', '경력', '분석', '경력', '추출', '가공', '분석', '앱', '분석', '바탕', '프로덕트', '개선', '퍼널', '분석', '코호트', '분석', '테스트', '방법론', '실무', '적용', '인사이트', '도출', '툴', '분석', '방법론', '학습', '적용', '어려움']","['데이팅', '산업', '플랫폼', '비즈니스', '관심', '유저', '간', '매칭', '로직', '서비스', '관심', '유저', '세그먼트', '구분', '바탕', '앱', '분석', '툴', '시각']","['개선', '부분', '로그', '설계', '진행', '결과', '분석', '주요', '정의', '관리', '지표', '시', '원인', '분석', '효율', '분석', '방법', '툴', '도입', '파트', '기술', '분석', '언어', '분석', '대시보드', '테스트']",앱서비스 데이터분석가 (2년 이상)
우아한형제들(배달의민족),DA,"['지원', '직접', '결과물', '가공', '추출', '이용', '비즈니스', '리', '포팅', '대시보드', '작성', '고객', '로그', '분석', '모바일', '서비스', '분석', '방법']","['사항', '이커머스', '플랫폼', '서비스', '사업', '프로', '덕트', '실무', '부서', '분석', '결과', '실질', '성과', '분석', '환경', '처리', '과정', '효율', '체계', '프로세스', '설계']","['내용', '외식', '브랜드', '별', '거래', '액', '매출', '액', '주문', '별', '고객', '주요', '현황', '변화', '지표', '분석', '관리', '외식', '브랜드', '지역', '매장', '별', '배민', '광고', '프로모션', '제휴', '마케팅', '집행', '시', '예상', '성과', '추정', '가치', '평가', '주문', '이력', '메뉴', '고객', '리뷰', '상세', '변화', '분석', '인사이트', '도출', '제휴', '과제', '지원', '브랜드', '별', '주요', '과제', '별', '성과', '판단', '지표', '설정', '해당', '지표', '모니터링', '대시보드', '생', '관리']",배달의민족 브랜드제휴 Business Analyst (5년이상)
미트박스글로벌,DA,"['분석', '모델링', '아키', '텍트', '분석', '분야', '경력', '인사이트', '분석', '실행', '계획', '제시', '빅데이터', '기술', '툴', '팀', '조직', '관리', '분야', '가지', '분야', '전문', '지식', '분석', '모델링', '툴']","['통계', '산업', '공학', '컴퓨터공학', '전공', '석사', '학위', '실제', '운영', '중인', '서비스', '분석', '프로젝트', '진행', '스스로', '추진', '역', '적', '환경', '속', '우선', '선위', '판단력', '대응', '사업', '상용', '이커머스', '고객', '행동', '로그', '분석', '경력']","['분석', '문제', '정의', '가설', '설정', '실험설계', '처리', '분석', '모델링', '도입', '지표', '분석', '가치', '측정', '의미', '부여', '신규', '지표', '개발', '지표', '예측', '구축', '정보', '인프라', '정리', '시각', '툴', '대시보드', '기획', '운용', '구축', '관리', '커뮤니케이션', '모델링', '도입', '외부', '관계자', '커뮤니케이션', '의사결정', '과정', '효과', '공감', '형성', '설득', '정량', '분석', '인사이트', '시각', '리', '포팅', '작성', '내외', '사용자', '의견', '청취', '사업', '사업', '전략', '액션', '플랜', '수립', '팀', '리딩', '팀', '리더', '로서', '분석', '아키', '텍트', '애널', '리스트', '속', '조직', '리딩', '조직', '성장', '사고', '실행', '임원', '스폰서', '논리', '낼']",데이터 분석(팀장급)
콘센트릭스서비스코리아CATALYST,DA,"['분석', '과제', '기획', '발굴', '도출', '비즈니스', '문제', '정의', '가설', '수립', '검증', '단계', '설계', '서비스', '고도화', '탐색', '분석', '효율', '추출', '분석', '모델링', '툴', '빅데이터', '환경', '수집', '핸들링', '프로젝트', '리딩', '이나', '분석', '실무', '경력', '거나', '의사결정', '진행', '과정', '효과', '공감', '형성', '설득', '정량', '분석', '인사이트', '시각', '리', '포팅']","['통계', '분석', '전공자', '통계', '수학', '산업', '공학', '컴퓨터공학', '빅데이터', '프로젝트', '분석', '과제', '구체화', '보고', '분석', '과제', '체계', '시각', '커뮤니케이션', '능']","['고객', '전략', '수립', '인사이트', '도출', '고객', '전략', '수립', '분석', '고도화', '안', '제안']",고객 및 디지털 데이터 분석 (차장~부장)
데이터라이즈,DA,"['자기', '주도', '제품', '비즈니스', '문제', '해결', '실험', '설계', '실험', '결과', '바탕', '실질', '액션', '아이템', '제안', '퍼널', '분석', '코호트', '분석', '테스트', '분석', '방법론', '실무', '적용', '결과', '도출', '의사결정', '정량', '수치', '분석', '결과', '도출', '내용', '전달', '논리', '사고', '커뮤니케이션', '정제', '적재', '대시보드', '설계', '대시보드', '설계']","['이커머스', '분석', '아래', '프로세스', '보신', '분석', '결과물', '일반', '서비스', '요구사항', '서비스', '커뮤니케이션', '요구사항', '수집', '요구사항', '분석', '서비스', '설계', '서비스', '트러블', '슈팅', '설계', '보신', '여러', '소스', '수집', '모델링', '비즈니스', '연관', '단일', '테이블', '구축', '구축', '테이블', '바탕', '서로', '다른', '비즈니스', '사용자', '테이블', '설계', '안정', '표준화', '테이블', '구축']","['개발', '란', '최종', '목표', '제품', '진단', '기능', '사이트', '메시지', '통계', '오디', '언스', '설계', '설계', '사용자', '라이즈', '라이즈', '신뢰', '분석', '인사이트', '도출', '분석', '결과물', '일반', '분석', '분석', '기법', '모델', '적용', '탐색', '분석', '진행', '해당', '결과', '성능', '평가', '사후', '분석', '결과', '토대', '프로젝트', '매니', '징', '프로덕트', '컨셉', '목적', '전달', '사용자', '가치', '정의', '주요', '기능', '설계', '프로', '덕트', '개발', '자원', '일정', '관리', '품질', '관리', '요구사항', '바탕', '신뢰', '품질', '보장', '설계', '서비스', '제공', '운영', '상황', '목표', '수립', '개선', '문제', '스스로', '발굴', '과제', '해결', '주요', '기술']",[100억↑투자] Data Analyst (2년 이상)
쿠팡,DA,"['분석', '기술', '약', '시각', '툴', '대규모', '사업', '부의', '성과', '분석', '담당', '지식', '분석', '디테일', '비즈니스', '감각', '우선', '순위', '효율', '정', '역', '적', '환경', '효과', '결과', '달성', '멀티테스킹']","['정량', '분야', '학사', '공학', '비지니스', '학위', '박사', '실무', '이커머스', '음식', '배달', '업계', '산업', '분석', '팀', '팀']","['도메인', '지식', '전체', '조직', '배달', '운영', '판매', '운영', '프로젝트', '진행', '분석', '툴', '개발', '구축', '선도', '프로젝트', '포함', '전반', '성장', '비지니스', '현황', '십', '이해관계자', '비즈니스', '리더', '협력', '사업', '기회', '개선', '영역', '파악', '비즈니스', '요구', '우선', '순위', '바탕', '운영', '판매', '심층', '분석', '사업', '확장', '방법', '파악', '단순', '보고', '시각', '고객', '행동', '비지니스', '동향', '파악', '비지니스', '의사결정', '도울', '모델', '생', '프로젝트', '진행', '기술', '부분', '이해관계자', '분석', '결과', '효과', '공유', '커뮤니케이션', '진행']","[Coupang] Staff, Data Analyst (Eats Strategy)"
컴투스홀딩스,DA,"['분석', '실무', '경력', '이신', '꼭', '뿐', '숫자', '대부분', '관리', '때문', '경험치', '게임', '분석', '이론', '뿐', '실제', '게임', '유저', '로서', '때', '최상', '분석', '결과', '유저', '게임', '분석', '가로', '게임', '분해', '가설', '가공', '결론', '도출', '도구', '엑셀', '상관', '건', '가설', '속', '의미', '기본', '로그', '설계', '가공', '반드시', '지표', '개발', '분석', '모두', '기본', '이기', '때문', '자유', '자재', '가공']","['기존', '팀', '파트', '리딩', '시스템', '설계', '운영', '빅데이터', '공학', '응용수학', '통계학', '컴퓨터', '공학', '하나', '전공']","['컴투스', '홀딩스', '내', '조직', '리더', '대부분', '주도', '진행', '인', '게임', '뿐', '마케팅', '소셜', '수집', '지표', '분석', '기여', '사업', '개발', '마케팅', '플랫폼', '부서', '유기', '협업', '과정', '생', '의사', '결정', '프로세스', '정의', '분석', '서비스', '개선', '기여', '의사', '결정', '문화', '자리', '잡고', '유', '의미', '분석', '결과', '경우', '서비스', '반영', '최상', '인프라', '조건', '가공', '분석', '롯', '집중']",데이터분석팀 리더 (7년 이상)
라라잡(동네알바),DA,"['분석', '프로덕트', '개선', '추출', '가공', '테스트', '설계', '가설', '검증', '위해', '수집', '분석', '분석', '결과', '인사이트', '팀', '설명', '사용자', '행동', '이벤트', '어', '트리뷰트', '포함', '설계', '협업', '능', '주도']","['전공', '석사', '지식', '코호트', '분석', '퍼널', '분석', '방법론', '실무', '분석', '환경', '파이프라인', '분석', '용', '관리', '거', '투사', '이드', '플랫폼', '분석', '거', '채용', '플랫폼', '도움', '거', '합류', '과정', '제출', '서류', '합류', '과정', '서류', '접수', '직무', '적합', '인터뷰', '조직', '적합', '인터뷰', '처우', '협의', '합류', '결정', '제출', '서류', '이력서', '경력', '기술', '선택', '포트폴리오']","['동네', '알바', '서비스', '분석', '인사이트', '액션', '아이템', '도출', '의사결정', '가설', '실험', '설계', '주요', '이벤트', '트리뷰트', '정의', '설계', '관리', '대시보드']",데이터 분석가(DA)
